"treatment","n","lma_mean","lma_sd","lma_se","spad_mean","spad_sd","spad_se","nmass_mean","nmass_sd","nmass_se","narea_mean","narea_sd","narea_se","pmass_mean","pmass_sd","pmass_se","parea_mean","parea_sd","parea_se","rgr_mean","rgr_sd","rgr_se","amax_mean","amax_sd","amax_se","vcmax_mean","vcmax_sd","vcmax_se","jmax_mean","jmax_sd","jmax_se","ppue_mean","ppue_sd","ppue_se","pnue_mean","pnue_sd","pnue_se","pi_mean","pi_sd","pi_se","esterp_mean","esterp_sd","esterp_se","nucleicp_mean","nucleicp_sd","nucleicp_se","lipidp_mean","lipidp_sd","lipidp_se","residualp_mean","residualp_sd","residualp_se"
"CK",57,104.152456140351,38.645000105387,5.11865530783671,38.2912280701754,9.40201879350832,1.24532781137354,24.830701754386,7.75959840171447,1.0277839160901,2.48245614035088,1.02035582151829,0.135149430132066,0.715614035087719,0.238440001017474,0.0315821496566266,0.0692982456140351,0.0257640148492599,0.00341252713157489,0.117017543859649,1.08569425601495,0.143803717197146,8.4375,5.26353265216358,0.697171931025905,31.7592307692308,19.5813661769925,2.59361530969656,55.9565384615385,24.6217666243585,3.2612326582067,134.628461538462,110.759686964212,14.6704789242494,3.99769230769231,3.31354416935894,0.438889646888013,0.158245614035088,0.101912476577726,0.0134986372815831,0.107894736842105,0.0463194205685316,0.00613515713035243,0.199298245614035,0.0882136134845979,0.0116841785393979,0.178245614035088,0.0631359872196952,0.00836256579677313,0.0721052631578947,0.0190616333156856,0.00252477501051346
"P",65,83.4336923076923,30.5683432844151,3.79153634611424,45.9507692307692,8.54914328816277,1.06039071871238,25.0218461538462,5.45323180907079,0.676390160091525,2.01030769230769,0.724773605235562,0.0898971017626567,2.13492307692308,1.02224037516398,0.126793313619837,0.179230769230769,0.14078249727314,0.0174619196840798,1.00953846153846,0.933905493695077,0.115836720041873,13.15875,6.11647411141056,0.758655243030573,57.5773015873016,19.8356755990839,2.46031275833002,105.153650793651,55.2721169365737,6.85566235441162,93.52328125,57.7624724401218,7.16455293832698,7.24671875,4.0735507909718,0.505261791193848,0.977692307692308,0.801513742144297,0.0994155442764711,0.349692307692308,0.214220747935754,0.026570813613713,0.392769230769231,0.130629577578975,0.0162026049845086,0.323846153846154,0.104712288970963,0.0129879609707419,0.0903076923076923,0.0249354937018268,0.00309286734315697
